dataset,table,type,rows_exported,cols_exported,raw_path,repo_path,status
api,current_forecasts,TABLE,0,21,TrainingData/raw/api/current_forecasts.parquet,GPT_Data/comprehensive_audit/api.current_forecasts.parquet,SUCCESS
api,vw_market_intelligence,VIEW,1,13,TrainingData/raw/api/vw_market_intelligence.parquet,GPT_Data/comprehensive_audit/api.vw_market_intelligence.parquet,SUCCESS
archive_consolidation_nov6,production_1m_backup_20251105,TABLE,1347,300,TrainingData/raw/archive_consolidation_nov6/production_1m_backup_20251105.parquet,GPT_Data/comprehensive_audit/archive_consolidation_nov6.production_1m_backup_20251105.parquet,SUCCESS
archive_consolidation_nov6,production_1w_backup_20251105,TABLE,1448,300,TrainingData/raw/archive_consolidation_nov6/production_1w_backup_20251105.parquet,GPT_Data/comprehensive_audit/archive_consolidation_nov6.production_1w_backup_20251105.parquet,SUCCESS
archive_consolidation_nov6,production_3m_backup_20251105,TABLE,1329,300,TrainingData/raw/archive_consolidation_nov6/production_3m_backup_20251105.parquet,GPT_Data/comprehensive_audit/archive_consolidation_nov6.production_3m_backup_20251105.parquet,SUCCESS
archive_consolidation_nov6,production_6m_backup_20251105,TABLE,1198,300,TrainingData/raw/archive_consolidation_nov6/production_6m_backup_20251105.parquet,GPT_Data/comprehensive_audit/archive_consolidation_nov6.production_6m_backup_20251105.parquet,SUCCESS
bkp,crude_oil_prices_SAFETY_20251021_180706,TABLE,2265,11,TrainingData/raw/bkp/crude_oil_prices_SAFETY_20251021_180706.parquet,GPT_Data/comprehensive_audit/bkp.crude_oil_prices_SAFETY_20251021_180706.parquet,SUCCESS
bkp,economic_indicators_SAFETY_20251021_180706,TABLE,7523,7,TrainingData/raw/bkp/economic_indicators_SAFETY_20251021_180706.parquet,GPT_Data/comprehensive_audit/bkp.economic_indicators_SAFETY_20251021_180706.parquet,SUCCESS
bkp,news_intelligence_20251010T231740Z,TABLE,333,12,TrainingData/raw/bkp/news_intelligence_20251010T231740Z.parquet,GPT_Data/comprehensive_audit/bkp.news_intelligence_20251010T231740Z.parquet,SUCCESS
bkp,soybean_oil_prices_20251010T231754Z,TABLE,525,11,TrainingData/raw/bkp/soybean_oil_prices_20251010T231754Z.parquet,GPT_Data/comprehensive_audit/bkp.soybean_oil_prices_20251010T231754Z.parquet,SUCCESS
bkp,soybean_oil_prices_SAFETY_20251021_180706,TABLE,1935,11,TrainingData/raw/bkp/soybean_oil_prices_SAFETY_20251021_180706.parquet,GPT_Data/comprehensive_audit/bkp.soybean_oil_prices_SAFETY_20251021_180706.parquet,SUCCESS
bkp,soybean_oil_prices_backup_20251021_152417,TABLE,2255,11,TrainingData/raw/bkp/soybean_oil_prices_backup_20251021_152417.parquet,GPT_Data/comprehensive_audit/bkp.soybean_oil_prices_backup_20251021_152417.parquet,SUCCESS
bkp,soybean_oil_prices_backup_20251021_152537,TABLE,2255,11,TrainingData/raw/bkp/soybean_oil_prices_backup_20251021_152537.parquet,GPT_Data/comprehensive_audit/bkp.soybean_oil_prices_backup_20251021_152537.parquet,SUCCESS
bkp,volatility_data_20251010T231720Z,TABLE,780,10,TrainingData/raw/bkp/volatility_data_20251010T231720Z.parquet,GPT_Data/comprehensive_audit/bkp.volatility_data_20251010T231720Z.parquet,SUCCESS
curated,region_station_map,TABLE,10,3,TrainingData/raw/curated/region_station_map.parquet,GPT_Data/comprehensive_audit/curated.region_station_map.parquet,SUCCESS
curated,region_weight_map,TABLE,6,3,TrainingData/raw/curated/region_weight_map.parquet,GPT_Data/comprehensive_audit/curated.region_weight_map.parquet,SUCCESS
curated,vw_biofuel_policy_us_daily,VIEW,0,6,TrainingData/raw/curated/vw_biofuel_policy_us_daily.parquet,GPT_Data/comprehensive_audit/curated.vw_biofuel_policy_us_daily.parquet,SUCCESS
curated,vw_cftc_positions_oilseeds_weekly,VIEW,944,9,TrainingData/raw/curated/vw_cftc_positions_oilseeds_weekly.parquet,GPT_Data/comprehensive_audit/curated.vw_cftc_positions_oilseeds_weekly.parquet,SUCCESS
curated,vw_cftc_soybean_oil_weekly,VIEW,866,6,TrainingData/raw/curated/vw_cftc_soybean_oil_weekly.parquet,GPT_Data/comprehensive_audit/curated.vw_cftc_soybean_oil_weekly.parquet,SUCCESS
curated,vw_client_insights_daily,VIEW,31,6,TrainingData/raw/curated/vw_client_insights_daily.parquet,GPT_Data/comprehensive_audit/curated.vw_client_insights_daily.parquet,SUCCESS
curated,vw_client_multi_horizon_forecast,VIEW,3,8,TrainingData/raw/curated/vw_client_multi_horizon_forecast.parquet,GPT_Data/comprehensive_audit/curated.vw_client_multi_horizon_forecast.parquet,SUCCESS
curated,vw_commodity_prices_daily,VIEW,33879,6,TrainingData/raw/curated/vw_commodity_prices_daily.parquet,GPT_Data/comprehensive_audit/curated.vw_commodity_prices_daily.parquet,SUCCESS
curated,vw_crush_margins_daily,VIEW,5969,8,TrainingData/raw/curated/vw_crush_margins_daily.parquet,GPT_Data/comprehensive_audit/curated.vw_crush_margins_daily.parquet,SUCCESS
curated,vw_dashboard_commodity_prices,VIEW,91,5,TrainingData/raw/curated/vw_dashboard_commodity_prices.parquet,GPT_Data/comprehensive_audit/curated.vw_dashboard_commodity_prices.parquet,SUCCESS
curated,vw_dashboard_fundamentals,VIEW,58,8,TrainingData/raw/curated/vw_dashboard_fundamentals.parquet,GPT_Data/comprehensive_audit/curated.vw_dashboard_fundamentals.parquet,SUCCESS
curated,vw_dashboard_weather_intelligence,VIEW,0,5,TrainingData/raw/curated/vw_dashboard_weather_intelligence.parquet,GPT_Data/comprehensive_audit/curated.vw_dashboard_weather_intelligence.parquet,SUCCESS
curated,vw_economic_daily,VIEW,16827,12,TrainingData/raw/curated/vw_economic_daily.parquet,GPT_Data/comprehensive_audit/curated.vw_economic_daily.parquet,SUCCESS
curated,vw_fed_rates_realtime,VIEW,2086,5,TrainingData/raw/curated/vw_fed_rates_realtime.parquet,GPT_Data/comprehensive_audit/curated.vw_fed_rates_realtime.parquet,SUCCESS
curated,vw_multi_source_intelligence_summary,VIEW,1,5,TrainingData/raw/curated/vw_multi_source_intelligence_summary.parquet,GPT_Data/comprehensive_audit/curated.vw_multi_source_intelligence_summary.parquet,SUCCESS
curated,vw_news_commodity_daily,VIEW,1912,6,TrainingData/raw/curated/vw_news_commodity_daily.parquet,GPT_Data/comprehensive_audit/curated.vw_news_commodity_daily.parquet,SUCCESS
curated,vw_news_intel_daily,VIEW,11,6,TrainingData/raw/curated/vw_news_intel_daily.parquet,GPT_Data/comprehensive_audit/curated.vw_news_intel_daily.parquet,SUCCESS
curated,vw_palm_soy_spread_daily,VIEW,6024,7,TrainingData/raw/curated/vw_palm_soy_spread_daily.parquet,GPT_Data/comprehensive_audit/curated.vw_palm_soy_spread_daily.parquet,SUCCESS
curated,vw_priority_indicators_daily,VIEW,41,8,TrainingData/raw/curated/vw_priority_indicators_daily.parquet,GPT_Data/comprehensive_audit/curated.vw_priority_indicators_daily.parquet,SUCCESS
curated,vw_social_intelligence,VIEW,677,12,TrainingData/raw/curated/vw_social_intelligence.parquet,GPT_Data/comprehensive_audit/curated.vw_social_intelligence.parquet,SUCCESS
curated,vw_soybean_oil_features_daily,VIEW,6057,11,TrainingData/raw/curated/vw_soybean_oil_features_daily.parquet,GPT_Data/comprehensive_audit/curated.vw_soybean_oil_features_daily.parquet,SUCCESS
curated,vw_soybean_oil_quote,VIEW,6057,5,TrainingData/raw/curated/vw_soybean_oil_quote.parquet,GPT_Data/comprehensive_audit/curated.vw_soybean_oil_quote.parquet,SUCCESS
curated,vw_treasury_daily,VIEW,10860,4,TrainingData/raw/curated/vw_treasury_daily.parquet,GPT_Data/comprehensive_audit/curated.vw_treasury_daily.parquet,SUCCESS
curated,vw_usda_export_sales_soy_weekly,VIEW,12,7,TrainingData/raw/curated/vw_usda_export_sales_soy_weekly.parquet,GPT_Data/comprehensive_audit/curated.vw_usda_export_sales_soy_weekly.parquet,SUCCESS
curated,vw_volatility_daily,VIEW,1985,9,TrainingData/raw/curated/vw_volatility_daily.parquet,GPT_Data/comprehensive_audit/curated.vw_volatility_daily.parquet,SUCCESS
curated,vw_weather_ar_daily,VIEW,672,5,TrainingData/raw/curated/vw_weather_ar_daily.parquet,GPT_Data/comprehensive_audit/curated.vw_weather_ar_daily.parquet,SUCCESS
curated,vw_weather_br_daily,VIEW,1004,6,TrainingData/raw/curated/vw_weather_br_daily.parquet,GPT_Data/comprehensive_audit/curated.vw_weather_br_daily.parquet,SUCCESS
curated,vw_weather_daily,VIEW,0,5,TrainingData/raw/curated/vw_weather_daily.parquet,GPT_Data/comprehensive_audit/curated.vw_weather_daily.parquet,SUCCESS
curated,vw_weather_global_daily,VIEW,0,7,TrainingData/raw/curated/vw_weather_global_daily.parquet,GPT_Data/comprehensive_audit/curated.vw_weather_global_daily.parquet,SUCCESS
curated,vw_weather_usmw_daily,VIEW,702,5,TrainingData/raw/curated/vw_weather_usmw_daily.parquet,GPT_Data/comprehensive_audit/curated.vw_weather_usmw_daily.parquet,SUCCESS
dashboard,performance_metrics,TABLE,4,10,TrainingData/raw/dashboard/performance_metrics.parquet,GPT_Data/comprehensive_audit/dashboard.performance_metrics.parquet,SUCCESS
dashboard,prediction_history,TABLE,0,14,TrainingData/raw/dashboard/prediction_history.parquet,GPT_Data/comprehensive_audit/dashboard.prediction_history.parquet,SUCCESS
dashboard,regime_history,TABLE,0,5,TrainingData/raw/dashboard/regime_history.parquet,GPT_Data/comprehensive_audit/dashboard.regime_history.parquet,SUCCESS
deprecated,ice_trump_intelligence,TABLE,186,11,TrainingData/raw/deprecated/ice_trump_intelligence.parquet,GPT_Data/comprehensive_audit/deprecated.ice_trump_intelligence.parquet,SUCCESS
deprecated,ice_trump_intelligence_legacy_20251013,TABLE,190,11,TrainingData/raw/deprecated/ice_trump_intelligence_legacy_20251013.parquet,GPT_Data/comprehensive_audit/deprecated.ice_trump_intelligence_legacy_20251013.parquet,SUCCESS
export_evaluated_data_items_cbi_v14_automl_pilot_1w_2025_10_28T10_08_35_327Z,evaluated_data_items,TABLE,112,210,TrainingData/raw/export_evaluated_data_items_cbi_v14_automl_pilot_1w_2025_10_28T10_08_35_327Z/evaluated_data_items.parquet,GPT_Data/comprehensive_audit/export_evaluated_data_items_cbi_v14_automl_pilot_1w_2025_10_28T10_08_35_327Z.evaluated_data_items.parquet,SUCCESS
forecasting_data_warehouse,ai_metadata_summary,VIEW,2,6,TrainingData/raw/forecasting_data_warehouse/ai_metadata_summary.parquet,GPT_Data/comprehensive_audit/forecasting_data_warehouse.ai_metadata_summary.parquet,SUCCESS
forecasting_data_warehouse,argentina_crisis_tracker,TABLE,10,8,TrainingData/raw/forecasting_data_warehouse/argentina_crisis_tracker.parquet,GPT_Data/comprehensive_audit/forecasting_data_warehouse.argentina_crisis_tracker.parquet,SUCCESS
forecasting_data_warehouse,baltic_dry_index,TABLE,0,7,TrainingData/raw/forecasting_data_warehouse/baltic_dry_index.parquet,GPT_Data/comprehensive_audit/forecasting_data_warehouse.baltic_dry_index.parquet,SUCCESS
forecasting_data_warehouse,biofuel_policy,TABLE,62,13,TrainingData/raw/forecasting_data_warehouse/biofuel_policy.parquet,GPT_Data/comprehensive_audit/forecasting_data_warehouse.biofuel_policy.parquet,SUCCESS
forecasting_data_warehouse,biofuel_prices,TABLE,354,16,TrainingData/raw/forecasting_data_warehouse/biofuel_prices.parquet,GPT_Data/comprehensive_audit/forecasting_data_warehouse.biofuel_prices.parquet,SUCCESS
forecasting_data_warehouse,breaking_news_hourly,TABLE,480,7,TrainingData/raw/forecasting_data_warehouse/breaking_news_hourly.parquet,GPT_Data/comprehensive_audit/forecasting_data_warehouse.breaking_news_hourly.parquet,SUCCESS
forecasting_data_warehouse,canola_oil_prices,TABLE,770,11,TrainingData/raw/forecasting_data_warehouse/canola_oil_prices.parquet,GPT_Data/comprehensive_audit/forecasting_data_warehouse.canola_oil_prices.parquet,SUCCESS
forecasting_data_warehouse,cftc_cot,TABLE,944,14,TrainingData/raw/forecasting_data_warehouse/cftc_cot.parquet,GPT_Data/comprehensive_audit/forecasting_data_warehouse.cftc_cot.parquet,SUCCESS
forecasting_data_warehouse,china_soybean_imports,TABLE,22,5,TrainingData/raw/forecasting_data_warehouse/china_soybean_imports.parquet,GPT_Data/comprehensive_audit/forecasting_data_warehouse.china_soybean_imports.parquet,SUCCESS
forecasting_data_warehouse,cocoa_prices,TABLE,21,7,TrainingData/raw/forecasting_data_warehouse/cocoa_prices.parquet,GPT_Data/comprehensive_audit/forecasting_data_warehouse.cocoa_prices.parquet,SUCCESS
forecasting_data_warehouse,copper_prices,TABLE,4800,11,TrainingData/raw/forecasting_data_warehouse/copper_prices.parquet,GPT_Data/comprehensive_audit/forecasting_data_warehouse.copper_prices.parquet,SUCCESS
forecasting_data_warehouse,corn_prices,TABLE,15623,11,TrainingData/raw/forecasting_data_warehouse/corn_prices.parquet,GPT_Data/comprehensive_audit/forecasting_data_warehouse.corn_prices.parquet,SUCCESS
forecasting_data_warehouse,cotton_prices,TABLE,21,7,TrainingData/raw/forecasting_data_warehouse/cotton_prices.parquet,GPT_Data/comprehensive_audit/forecasting_data_warehouse.cotton_prices.parquet,SUCCESS
forecasting_data_warehouse,crude_oil_prices,TABLE,10859,11,TrainingData/raw/forecasting_data_warehouse/crude_oil_prices.parquet,GPT_Data/comprehensive_audit/forecasting_data_warehouse.crude_oil_prices.parquet,SUCCESS
forecasting_data_warehouse,currency_data,TABLE,59187,8,TrainingData/raw/forecasting_data_warehouse/currency_data.parquet,GPT_Data/comprehensive_audit/forecasting_data_warehouse.currency_data.parquet,SUCCESS
forecasting_data_warehouse,data_catalog,TABLE,18,18,TrainingData/raw/forecasting_data_warehouse/data_catalog.parquet,GPT_Data/comprehensive_audit/forecasting_data_warehouse.data_catalog.parquet,SUCCESS
forecasting_data_warehouse,data_integration_status,VIEW,9,7,TrainingData/raw/forecasting_data_warehouse/data_integration_status.parquet,GPT_Data/comprehensive_audit/forecasting_data_warehouse.data_integration_status.parquet,SUCCESS
forecasting_data_warehouse,economic_indicators,TABLE,72553,7,TrainingData/raw/forecasting_data_warehouse/economic_indicators.parquet,GPT_Data/comprehensive_audit/forecasting_data_warehouse.economic_indicators.parquet,SUCCESS
forecasting_data_warehouse,enhanced_feature_metadata,TABLE,52,42,TrainingData/raw/forecasting_data_warehouse/enhanced_feature_metadata.parquet,GPT_Data/comprehensive_audit/forecasting_data_warehouse.enhanced_feature_metadata.parquet,SUCCESS
forecasting_data_warehouse,enso_climate_status,TABLE,0,10,TrainingData/raw/forecasting_data_warehouse/enso_climate_status.parquet,GPT_Data/comprehensive_audit/forecasting_data_warehouse.enso_climate_status.parquet,SUCCESS
forecasting_data_warehouse,ers_oilcrops_monthly,TABLE,0,12,TrainingData/raw/forecasting_data_warehouse/ers_oilcrops_monthly.parquet,GPT_Data/comprehensive_audit/forecasting_data_warehouse.ers_oilcrops_monthly.parquet,SUCCESS
forecasting_data_warehouse,event_restaurant_impact,VIEW,221,24,TrainingData/raw/forecasting_data_warehouse/event_restaurant_impact.parquet,GPT_Data/comprehensive_audit/forecasting_data_warehouse.event_restaurant_impact.parquet,SUCCESS
forecasting_data_warehouse,feature_metadata,TABLE,52,20,TrainingData/raw/forecasting_data_warehouse/feature_metadata.parquet,GPT_Data/comprehensive_audit/forecasting_data_warehouse.feature_metadata.parquet,SUCCESS
forecasting_data_warehouse,freight_logistics,TABLE,0,7,TrainingData/raw/forecasting_data_warehouse/freight_logistics.parquet,GPT_Data/comprehensive_audit/forecasting_data_warehouse.freight_logistics.parquet,SUCCESS
forecasting_data_warehouse,futures_prices_barchart,TABLE,0,11,TrainingData/raw/forecasting_data_warehouse/futures_prices_barchart.parquet,GPT_Data/comprehensive_audit/forecasting_data_warehouse.futures_prices_barchart.parquet,SUCCESS
forecasting_data_warehouse,futures_prices_cme_public,TABLE,0,7,TrainingData/raw/forecasting_data_warehouse/futures_prices_cme_public.parquet,GPT_Data/comprehensive_audit/forecasting_data_warehouse.futures_prices_cme_public.parquet,SUCCESS
forecasting_data_warehouse,futures_prices_investing,TABLE,0,12,TrainingData/raw/forecasting_data_warehouse/futures_prices_investing.parquet,GPT_Data/comprehensive_audit/forecasting_data_warehouse.futures_prices_investing.parquet,SUCCESS
forecasting_data_warehouse,futures_prices_marketwatch,TABLE,0,11,TrainingData/raw/forecasting_data_warehouse/futures_prices_marketwatch.parquet,GPT_Data/comprehensive_audit/forecasting_data_warehouse.futures_prices_marketwatch.parquet,SUCCESS
forecasting_data_warehouse,futures_sentiment_tradingview,TABLE,0,7,TrainingData/raw/forecasting_data_warehouse/futures_sentiment_tradingview.parquet,GPT_Data/comprehensive_audit/forecasting_data_warehouse.futures_sentiment_tradingview.parquet,SUCCESS
forecasting_data_warehouse,gold_prices,TABLE,11555,11,TrainingData/raw/forecasting_data_warehouse/gold_prices.parquet,GPT_Data/comprehensive_audit/forecasting_data_warehouse.gold_prices.parquet,SUCCESS
forecasting_data_warehouse,hourly_prices,TABLE,27,7,TrainingData/raw/forecasting_data_warehouse/hourly_prices.parquet,GPT_Data/comprehensive_audit/forecasting_data_warehouse.hourly_prices.parquet,SUCCESS
forecasting_data_warehouse,industrial_demand_indicators,TABLE,3,6,TrainingData/raw/forecasting_data_warehouse/industrial_demand_indicators.parquet,GPT_Data/comprehensive_audit/forecasting_data_warehouse.industrial_demand_indicators.parquet,SUCCESS
forecasting_data_warehouse,industry_intelligence_asa,TABLE,0,8,TrainingData/raw/forecasting_data_warehouse/industry_intelligence_asa.parquet,GPT_Data/comprehensive_audit/forecasting_data_warehouse.industry_intelligence_asa.parquet,SUCCESS
forecasting_data_warehouse,job_execution_tracking,TABLE,1,7,TrainingData/raw/forecasting_data_warehouse/job_execution_tracking.parquet,GPT_Data/comprehensive_audit/forecasting_data_warehouse.job_execution_tracking.parquet,SUCCESS
forecasting_data_warehouse,legislative_bills,TABLE,0,12,TrainingData/raw/forecasting_data_warehouse/legislative_bills.parquet,GPT_Data/comprehensive_audit/forecasting_data_warehouse.legislative_bills.parquet,SUCCESS
forecasting_data_warehouse,market_analysis_correlations,TABLE,0,10,TrainingData/raw/forecasting_data_warehouse/market_analysis_correlations.parquet,GPT_Data/comprehensive_audit/forecasting_data_warehouse.market_analysis_correlations.parquet,SUCCESS
forecasting_data_warehouse,metadata_completeness_check,VIEW,2,6,TrainingData/raw/forecasting_data_warehouse/metadata_completeness_check.parquet,GPT_Data/comprehensive_audit/forecasting_data_warehouse.metadata_completeness_check.parquet,SUCCESS
forecasting_data_warehouse,model_interpretability_metadata,TABLE,0,11,TrainingData/raw/forecasting_data_warehouse/model_interpretability_metadata.parquet,GPT_Data/comprehensive_audit/forecasting_data_warehouse.model_interpretability_metadata.parquet,SUCCESS
forecasting_data_warehouse,natural_gas_prices,TABLE,11567,11,TrainingData/raw/forecasting_data_warehouse/natural_gas_prices.parquet,GPT_Data/comprehensive_audit/forecasting_data_warehouse.natural_gas_prices.parquet,SUCCESS
forecasting_data_warehouse,neural_network_architecture_metadata,TABLE,4,23,TrainingData/raw/forecasting_data_warehouse/neural_network_architecture_metadata.parquet,GPT_Data/comprehensive_audit/forecasting_data_warehouse.neural_network_architecture_metadata.parquet,SUCCESS
forecasting_data_warehouse,news_advanced,TABLE,223,20,TrainingData/raw/forecasting_data_warehouse/news_advanced.parquet,GPT_Data/comprehensive_audit/forecasting_data_warehouse.news_advanced.parquet,SUCCESS
forecasting_data_warehouse,news_industry_brownfield,TABLE,0,9,TrainingData/raw/forecasting_data_warehouse/news_industry_brownfield.parquet,GPT_Data/comprehensive_audit/forecasting_data_warehouse.news_industry_brownfield.parquet,SUCCESS
forecasting_data_warehouse,news_intelligence,TABLE,2830,12,TrainingData/raw/forecasting_data_warehouse/news_intelligence.parquet,GPT_Data/comprehensive_audit/forecasting_data_warehouse.news_intelligence.parquet,SUCCESS
forecasting_data_warehouse,news_market_farmprogress,TABLE,0,9,TrainingData/raw/forecasting_data_warehouse/news_market_farmprogress.parquet,GPT_Data/comprehensive_audit/forecasting_data_warehouse.news_market_farmprogress.parquet,SUCCESS
forecasting_data_warehouse,news_reuters,TABLE,0,10,TrainingData/raw/forecasting_data_warehouse/news_reuters.parquet,GPT_Data/comprehensive_audit/forecasting_data_warehouse.news_reuters.parquet,SUCCESS
forecasting_data_warehouse,news_ultra_aggressive,TABLE,33,17,TrainingData/raw/forecasting_data_warehouse/news_ultra_aggressive.parquet,GPT_Data/comprehensive_audit/forecasting_data_warehouse.news_ultra_aggressive.parquet,SUCCESS
forecasting_data_warehouse,palm_oil_prices,TABLE,1340,17,TrainingData/raw/forecasting_data_warehouse/palm_oil_prices.parquet,GPT_Data/comprehensive_audit/forecasting_data_warehouse.palm_oil_prices.parquet,SUCCESS
forecasting_data_warehouse,policy_events_federalregister,TABLE,0,11,TrainingData/raw/forecasting_data_warehouse/policy_events_federalregister.parquet,GPT_Data/comprehensive_audit/forecasting_data_warehouse.policy_events_federalregister.parquet,SUCCESS
forecasting_data_warehouse,policy_rfs_volumes,TABLE,0,13,TrainingData/raw/forecasting_data_warehouse/policy_rfs_volumes.parquet,GPT_Data/comprehensive_audit/forecasting_data_warehouse.policy_rfs_volumes.parquet,SUCCESS
forecasting_data_warehouse,predictions_1m,TABLE,0,9,TrainingData/raw/forecasting_data_warehouse/predictions_1m.parquet,GPT_Data/comprehensive_audit/forecasting_data_warehouse.predictions_1m.parquet,SUCCESS
forecasting_data_warehouse,rapeseed_oil_prices,TABLE,146,11,TrainingData/raw/forecasting_data_warehouse/rapeseed_oil_prices.parquet,GPT_Data/comprehensive_audit/forecasting_data_warehouse.rapeseed_oil_prices.parquet,SUCCESS
forecasting_data_warehouse,realtime_prices,TABLE,56,11,TrainingData/raw/forecasting_data_warehouse/realtime_prices.parquet,GPT_Data/comprehensive_audit/forecasting_data_warehouse.realtime_prices.parquet,SUCCESS
forecasting_data_warehouse,shap_drivers,TABLE,0,14,TrainingData/raw/forecasting_data_warehouse/shap_drivers.parquet,GPT_Data/comprehensive_audit/forecasting_data_warehouse.shap_drivers.parquet,SUCCESS
forecasting_data_warehouse,signals_1w,TABLE,0,7,TrainingData/raw/forecasting_data_warehouse/signals_1w.parquet,GPT_Data/comprehensive_audit/forecasting_data_warehouse.signals_1w.parquet,SUCCESS
forecasting_data_warehouse,silver_prices,TABLE,4798,11,TrainingData/raw/forecasting_data_warehouse/silver_prices.parquet,GPT_Data/comprehensive_audit/forecasting_data_warehouse.silver_prices.parquet,SUCCESS
forecasting_data_warehouse,social_intelligence_unified,TABLE,4673,21,TrainingData/raw/forecasting_data_warehouse/social_intelligence_unified.parquet,GPT_Data/comprehensive_audit/forecasting_data_warehouse.social_intelligence_unified.parquet,SUCCESS
forecasting_data_warehouse,social_sentiment,TABLE,677,12,TrainingData/raw/forecasting_data_warehouse/social_sentiment.parquet,GPT_Data/comprehensive_audit/forecasting_data_warehouse.social_sentiment.parquet,SUCCESS
forecasting_data_warehouse,soybean_meal_prices,TABLE,10775,11,TrainingData/raw/forecasting_data_warehouse/soybean_meal_prices.parquet,GPT_Data/comprehensive_audit/forecasting_data_warehouse.soybean_meal_prices.parquet,SUCCESS
forecasting_data_warehouse,soybean_oil_prices,TABLE,6057,11,TrainingData/raw/forecasting_data_warehouse/soybean_oil_prices.parquet,GPT_Data/comprehensive_audit/forecasting_data_warehouse.soybean_oil_prices.parquet,SUCCESS
forecasting_data_warehouse,soybean_oil_prices_backup_20251112_165404,TABLE,1301,11,TrainingData/raw/forecasting_data_warehouse/soybean_oil_prices_backup_20251112_165404.parquet,GPT_Data/comprehensive_audit/forecasting_data_warehouse.soybean_oil_prices_backup_20251112_165404.parquet,SUCCESS
forecasting_data_warehouse,soybean_oil_prices_historical_view,VIEW,6227,13,TrainingData/raw/forecasting_data_warehouse/soybean_oil_prices_historical_view.parquet,GPT_Data/comprehensive_audit/forecasting_data_warehouse.soybean_oil_prices_historical_view.parquet,SUCCESS
forecasting_data_warehouse,soybean_prices,TABLE,15708,11,TrainingData/raw/forecasting_data_warehouse/soybean_prices.parquet,GPT_Data/comprehensive_audit/forecasting_data_warehouse.soybean_prices.parquet,SUCCESS
forecasting_data_warehouse,sp500_prices,TABLE,10579,11,TrainingData/raw/forecasting_data_warehouse/sp500_prices.parquet,GPT_Data/comprehensive_audit/forecasting_data_warehouse.sp500_prices.parquet,SUCCESS
forecasting_data_warehouse,treasury_prices,TABLE,1961,12,TrainingData/raw/forecasting_data_warehouse/treasury_prices.parquet,GPT_Data/comprehensive_audit/forecasting_data_warehouse.treasury_prices.parquet,SUCCESS
forecasting_data_warehouse,trump_policy_intelligence,TABLE,450,11,TrainingData/raw/forecasting_data_warehouse/trump_policy_intelligence.parquet,GPT_Data/comprehensive_audit/forecasting_data_warehouse.trump_policy_intelligence.parquet,SUCCESS
forecasting_data_warehouse,usd_index_prices,TABLE,11636,11,TrainingData/raw/forecasting_data_warehouse/usd_index_prices.parquet,GPT_Data/comprehensive_audit/forecasting_data_warehouse.usd_index_prices.parquet,SUCCESS
forecasting_data_warehouse,usda_crop_progress,TABLE,2814,18,TrainingData/raw/forecasting_data_warehouse/usda_crop_progress.parquet,GPT_Data/comprehensive_audit/forecasting_data_warehouse.usda_crop_progress.parquet,SUCCESS
forecasting_data_warehouse,usda_export_sales,TABLE,12,10,TrainingData/raw/forecasting_data_warehouse/usda_export_sales.parquet,GPT_Data/comprehensive_audit/forecasting_data_warehouse.usda_export_sales.parquet,SUCCESS
forecasting_data_warehouse,usda_harvest_progress,TABLE,1950,7,TrainingData/raw/forecasting_data_warehouse/usda_harvest_progress.parquet,GPT_Data/comprehensive_audit/forecasting_data_warehouse.usda_harvest_progress.parquet,SUCCESS
forecasting_data_warehouse,usda_wasde_soy,TABLE,0,11,TrainingData/raw/forecasting_data_warehouse/usda_wasde_soy.parquet,GPT_Data/comprehensive_audit/forecasting_data_warehouse.usda_wasde_soy.parquet,SUCCESS
forecasting_data_warehouse,vegas_casinos,TABLE,31,13,TrainingData/raw/forecasting_data_warehouse/vegas_casinos.parquet,GPT_Data/comprehensive_audit/forecasting_data_warehouse.vegas_casinos.parquet,SUCCESS
forecasting_data_warehouse,vegas_cuisine_multipliers,TABLE,142,6,TrainingData/raw/forecasting_data_warehouse/vegas_cuisine_multipliers.parquet,GPT_Data/comprehensive_audit/forecasting_data_warehouse.vegas_cuisine_multipliers.parquet,SUCCESS
forecasting_data_warehouse,vegas_events,TABLE,5,11,TrainingData/raw/forecasting_data_warehouse/vegas_events.parquet,GPT_Data/comprehensive_audit/forecasting_data_warehouse.vegas_events.parquet,SUCCESS
forecasting_data_warehouse,vegas_export_list,TABLE,3176,17,TrainingData/raw/forecasting_data_warehouse/vegas_export_list.parquet,GPT_Data/comprehensive_audit/forecasting_data_warehouse.vegas_export_list.parquet,SUCCESS
forecasting_data_warehouse,vegas_fryers,TABLE,0,8,TrainingData/raw/forecasting_data_warehouse/vegas_fryers.parquet,GPT_Data/comprehensive_audit/forecasting_data_warehouse.vegas_fryers.parquet,SUCCESS
forecasting_data_warehouse,vegas_opportunity_scores,VIEW,0,33,TrainingData/raw/forecasting_data_warehouse/vegas_opportunity_scores.parquet,GPT_Data/comprehensive_audit/forecasting_data_warehouse.vegas_opportunity_scores.parquet,SUCCESS
forecasting_data_warehouse,vegas_restaurants,TABLE,151,28,TrainingData/raw/forecasting_data_warehouse/vegas_restaurants.parquet,GPT_Data/comprehensive_audit/forecasting_data_warehouse.vegas_restaurants.parquet,SUCCESS
forecasting_data_warehouse,vegas_scheduled_reports,TABLE,28,6,TrainingData/raw/forecasting_data_warehouse/vegas_scheduled_reports.parquet,GPT_Data/comprehensive_audit/forecasting_data_warehouse.vegas_scheduled_reports.parquet,SUCCESS
forecasting_data_warehouse,vegas_shift_casinos,TABLE,440,25,TrainingData/raw/forecasting_data_warehouse/vegas_shift_casinos.parquet,GPT_Data/comprehensive_audit/forecasting_data_warehouse.vegas_shift_casinos.parquet,SUCCESS
forecasting_data_warehouse,vegas_shift_restaurants,TABLE,1233,13,TrainingData/raw/forecasting_data_warehouse/vegas_shift_restaurants.parquet,GPT_Data/comprehensive_audit/forecasting_data_warehouse.vegas_shift_restaurants.parquet,SUCCESS
forecasting_data_warehouse,vegas_shifts,TABLE,148,14,TrainingData/raw/forecasting_data_warehouse/vegas_shifts.parquet,GPT_Data/comprehensive_audit/forecasting_data_warehouse.vegas_shifts.parquet,SUCCESS
forecasting_data_warehouse,vegas_top_opportunities,VIEW,0,34,TrainingData/raw/forecasting_data_warehouse/vegas_top_opportunities.parquet,GPT_Data/comprehensive_audit/forecasting_data_warehouse.vegas_top_opportunities.parquet,SUCCESS
forecasting_data_warehouse,vix_daily,TABLE,6271,7,TrainingData/raw/forecasting_data_warehouse/vix_daily.parquet,GPT_Data/comprehensive_audit/forecasting_data_warehouse.vix_daily.parquet,SUCCESS
forecasting_data_warehouse,volatility_data,TABLE,1985,10,TrainingData/raw/forecasting_data_warehouse/volatility_data.parquet,GPT_Data/comprehensive_audit/forecasting_data_warehouse.volatility_data.parquet,SUCCESS
forecasting_data_warehouse,weather_argentina_daily,TABLE,0,15,TrainingData/raw/forecasting_data_warehouse/weather_argentina_daily.parquet,GPT_Data/comprehensive_audit/forecasting_data_warehouse.weather_argentina_daily.parquet,SUCCESS
forecasting_data_warehouse,weather_brazil_clean,TABLE,33,17,TrainingData/raw/forecasting_data_warehouse/weather_brazil_clean.parquet,GPT_Data/comprehensive_audit/forecasting_data_warehouse.weather_brazil_clean.parquet,SUCCESS
forecasting_data_warehouse,weather_brazil_daily,TABLE,0,17,TrainingData/raw/forecasting_data_warehouse/weather_brazil_daily.parquet,GPT_Data/comprehensive_audit/forecasting_data_warehouse.weather_brazil_daily.parquet,SUCCESS
forecasting_data_warehouse,weather_data,TABLE,14358,10,TrainingData/raw/forecasting_data_warehouse/weather_data.parquet,GPT_Data/comprehensive_audit/forecasting_data_warehouse.weather_data.parquet,SUCCESS
forecasting_data_warehouse,weather_us_midwest_clean,TABLE,64,16,TrainingData/raw/forecasting_data_warehouse/weather_us_midwest_clean.parquet,GPT_Data/comprehensive_audit/forecasting_data_warehouse.weather_us_midwest_clean.parquet,SUCCESS
forecasting_data_warehouse,weather_us_midwest_daily,TABLE,0,16,TrainingData/raw/forecasting_data_warehouse/weather_us_midwest_daily.parquet,GPT_Data/comprehensive_audit/forecasting_data_warehouse.weather_us_midwest_daily.parquet,SUCCESS
forecasting_data_warehouse,wheat_prices,TABLE,15631,16,TrainingData/raw/forecasting_data_warehouse/wheat_prices.parquet,GPT_Data/comprehensive_audit/forecasting_data_warehouse.wheat_prices.parquet,SUCCESS
forecasting_data_warehouse,yahoo_finance_enhanced,TABLE,48685,25,TrainingData/raw/forecasting_data_warehouse/yahoo_finance_enhanced.parquet,GPT_Data/comprehensive_audit/forecasting_data_warehouse.yahoo_finance_enhanced.parquet,SUCCESS
forecasting_data_warehouse,yahoo_finance_historical,VIEW,314381,14,TrainingData/raw/forecasting_data_warehouse/yahoo_finance_historical.parquet,GPT_Data/comprehensive_audit/forecasting_data_warehouse.yahoo_finance_historical.parquet,SUCCESS
market_data,_ARCHIVED_yahoo_finance_enhanced_20251102,TABLE,48685,25,TrainingData/raw/market_data/_ARCHIVED_yahoo_finance_enhanced_20251102.parquet,GPT_Data/comprehensive_audit/market_data._ARCHIVED_yahoo_finance_enhanced_20251102.parquet,SUCCESS
market_data,hourly_prices,TABLE,309,7,TrainingData/raw/market_data/hourly_prices.parquet,GPT_Data/comprehensive_audit/market_data.hourly_prices.parquet,SUCCESS
market_data,yahoo_finance_20yr_STAGING,TABLE,57397,38,TrainingData/raw/market_data/yahoo_finance_20yr_STAGING.parquet,GPT_Data/comprehensive_audit/market_data.yahoo_finance_20yr_STAGING.parquet,SUCCESS
market_data,yahoo_finance_enhanced,TABLE,48684,25,TrainingData/raw/market_data/yahoo_finance_enhanced.parquet,GPT_Data/comprehensive_audit/market_data.yahoo_finance_enhanced.parquet,SUCCESS
models,FINAL_TRAINING_DATASET_COMPLETE,TABLE,1263,190,TrainingData/raw/models/FINAL_TRAINING_DATASET_COMPLETE.parquet,GPT_Data/comprehensive_audit/models.FINAL_TRAINING_DATASET_COMPLETE.parquet,SUCCESS
models,complete_signals_features,TABLE,1263,39,TrainingData/raw/models/complete_signals_features.parquet,GPT_Data/comprehensive_audit/models.complete_signals_features.parquet,SUCCESS
models,enhanced_market_regimes,TABLE,2842,5,TrainingData/raw/models/enhanced_market_regimes.parquet,GPT_Data/comprehensive_audit/models.enhanced_market_regimes.parquet,SUCCESS
models,enhanced_news_proxy,TABLE,653,16,TrainingData/raw/models/enhanced_news_proxy.parquet,GPT_Data/comprehensive_audit/models.enhanced_news_proxy.parquet,SUCCESS
models,enhanced_policy_features,TABLE,653,13,TrainingData/raw/models/enhanced_policy_features.parquet,GPT_Data/comprehensive_audit/models.enhanced_policy_features.parquet,SUCCESS
models,ensemble_predictions,VIEW,1,5,TrainingData/raw/models/ensemble_predictions.parquet,GPT_Data/comprehensive_audit/models.ensemble_predictions.parquet,SUCCESS
models,news_features_materialized,TABLE,13,13,TrainingData/raw/models/news_features_materialized.parquet,GPT_Data/comprehensive_audit/models.news_features_materialized.parquet,SUCCESS
models,price_features_precomputed,TABLE,1261,15,TrainingData/raw/models/price_features_precomputed.parquet,GPT_Data/comprehensive_audit/models.price_features_precomputed.parquet,SUCCESS
models,sentiment_features_materialized,TABLE,581,16,TrainingData/raw/models/sentiment_features_materialized.parquet,GPT_Data/comprehensive_audit/models.sentiment_features_materialized.parquet,SUCCESS
models,sentiment_features_precomputed,TABLE,604,5,TrainingData/raw/models/sentiment_features_precomputed.parquet,GPT_Data/comprehensive_audit/models.sentiment_features_precomputed.parquet,SUCCESS
models,signals_master,TABLE,2830,34,TrainingData/raw/models/signals_master.parquet,GPT_Data/comprehensive_audit/models.signals_master.parquet,SUCCESS
models,tariff_features_materialized,TABLE,46,14,TrainingData/raw/models/tariff_features_materialized.parquet,GPT_Data/comprehensive_audit/models.tariff_features_materialized.parquet,SUCCESS
models,training_complete_enhanced,TABLE,1263,219,TrainingData/raw/models/training_complete_enhanced.parquet,GPT_Data/comprehensive_audit/models.training_complete_enhanced.parquet,SUCCESS
models,training_data_complete_all_intelligence,TABLE,1263,190,TrainingData/raw/models/training_data_complete_all_intelligence.parquet,GPT_Data/comprehensive_audit/models.training_data_complete_all_intelligence.parquet,SUCCESS
models,training_data_with_currencies_verified,TABLE,1263,149,TrainingData/raw/models/training_data_with_currencies_verified.parquet,GPT_Data/comprehensive_audit/models.training_data_with_currencies_verified.parquet,SUCCESS
models,training_dataset,TABLE,1263,62,TrainingData/raw/models/training_dataset.parquet,GPT_Data/comprehensive_audit/models.training_dataset.parquet,SUCCESS
models,training_dataset_backup_20251023,TABLE,1263,62,TrainingData/raw/models/training_dataset_backup_20251023.parquet,GPT_Data/comprehensive_audit/models.training_dataset_backup_20251023.parquet,SUCCESS
models,training_dataset_enhanced,TABLE,1263,184,TrainingData/raw/models/training_dataset_enhanced.parquet,GPT_Data/comprehensive_audit/models.training_dataset_enhanced.parquet,SUCCESS
models,training_dataset_enhanced_v5,TABLE,1251,145,TrainingData/raw/models/training_dataset_enhanced_v5.parquet,GPT_Data/comprehensive_audit/models.training_dataset_enhanced_v5.parquet,SUCCESS
models,training_dataset_master,TABLE,1289,41,TrainingData/raw/models/training_dataset_master.parquet,GPT_Data/comprehensive_audit/models.training_dataset_master.parquet,SUCCESS
models,training_enhanced_final,TABLE,1323,183,TrainingData/raw/models/training_enhanced_final.parquet,GPT_Data/comprehensive_audit/models.training_enhanced_final.parquet,SUCCESS
models,vix_features_materialized,TABLE,2717,13,TrainingData/raw/models/vix_features_materialized.parquet,GPT_Data/comprehensive_audit/models.vix_features_materialized.parquet,SUCCESS
models,vw_crush_margins,VIEW,1447,9,TrainingData/raw/models/vw_crush_margins.parquet,GPT_Data/comprehensive_audit/models.vw_crush_margins.parquet,SUCCESS
models,vw_daily_news_features,VIEW,16,21,TrainingData/raw/models/vw_daily_news_features.parquet,GPT_Data/comprehensive_audit/models.vw_daily_news_features.parquet,SUCCESS
models,vw_daily_social_features,VIEW,661,11,TrainingData/raw/models/vw_daily_social_features.parquet,GPT_Data/comprehensive_audit/models.vw_daily_social_features.parquet,SUCCESS
models,vw_ensemble_predictions,VIEW,1,7,TrainingData/raw/models/vw_ensemble_predictions.parquet,GPT_Data/comprehensive_audit/models.vw_ensemble_predictions.parquet,SUCCESS
models,vw_event_driven_features,VIEW,1268,19,TrainingData/raw/models/vw_event_driven_features.parquet,GPT_Data/comprehensive_audit/models.vw_event_driven_features.parquet,SUCCESS
models,vw_seasonality_features,VIEW,449283,27,TrainingData/raw/models/vw_seasonality_features.parquet,GPT_Data/comprehensive_audit/models.vw_seasonality_features.parquet,SUCCESS
models,weather_features_precomputed,TABLE,1024,9,TrainingData/raw/models/weather_features_precomputed.parquet,GPT_Data/comprehensive_audit/models.weather_features_precomputed.parquet,SUCCESS
models_v4,_ARCHIVED_archive_training_dataset_20251027_pre_update,TABLE,1251,202,TrainingData/raw/models_v4/_ARCHIVED_archive_training_dataset_20251027_pre_update.parquet,GPT_Data/comprehensive_audit/models_v4._ARCHIVED_archive_training_dataset_20251027_pre_update.parquet,SUCCESS
models_v4,_ARCHIVED_archive_training_dataset_DUPLICATES_20251027,TABLE,1263,202,TrainingData/raw/models_v4/_ARCHIVED_archive_training_dataset_DUPLICATES_20251027.parquet,GPT_Data/comprehensive_audit/models_v4._ARCHIVED_archive_training_dataset_DUPLICATES_20251027.parquet,SUCCESS
models_v4,_ARCHIVED_archive_training_dataset_super_enriched_20251027_final,TABLE,1251,202,TrainingData/raw/models_v4/_ARCHIVED_archive_training_dataset_super_enriched_20251027_final.parquet,GPT_Data/comprehensive_audit/models_v4._ARCHIVED_archive_training_dataset_super_enriched_20251027_final.parquet,SUCCESS
models_v4,_ARCHIVED_training_dataset_backup_20251028,TABLE,1251,207,TrainingData/raw/models_v4/_ARCHIVED_training_dataset_backup_20251028.parquet,GPT_Data/comprehensive_audit/models_v4._ARCHIVED_training_dataset_backup_20251028.parquet,SUCCESS
models_v4,_ARCHIVED_training_dataset_baseline_clean,TABLE,1251,193,TrainingData/raw/models_v4/_ARCHIVED_training_dataset_baseline_clean.parquet,GPT_Data/comprehensive_audit/models_v4._ARCHIVED_training_dataset_baseline_clean.parquet,SUCCESS
models_v4,_ARCHIVED_training_dataset_baseline_complete,TABLE,1251,195,TrainingData/raw/models_v4/_ARCHIVED_training_dataset_baseline_complete.parquet,GPT_Data/comprehensive_audit/models_v4._ARCHIVED_training_dataset_baseline_complete.parquet,SUCCESS
models_v4,_ARCHIVED_training_dataset_clean,TABLE,1251,203,TrainingData/raw/models_v4/_ARCHIVED_training_dataset_clean.parquet,GPT_Data/comprehensive_audit/models_v4._ARCHIVED_training_dataset_clean.parquet,SUCCESS
models_v4,_ARCHIVED_training_dataset_snapshot_20251028_pre_update,TABLE,1251,207,TrainingData/raw/models_v4/_ARCHIVED_training_dataset_snapshot_20251028_pre_update.parquet,GPT_Data/comprehensive_audit/models_v4._ARCHIVED_training_dataset_snapshot_20251028_pre_update.parquet,SUCCESS
models_v4,_contract_207,TABLE,207,2,TrainingData/raw/models_v4/_contract_207.parquet,GPT_Data/comprehensive_audit/models_v4._contract_207.parquet,SUCCESS
models_v4,_contract_209,TABLE,209,2,TrainingData/raw/models_v4/_contract_209.parquet,GPT_Data/comprehensive_audit/models_v4._contract_209.parquet,SUCCESS
models_v4,_latest_date,TABLE,1,1,TrainingData/raw/models_v4/_latest_date.parquet,GPT_Data/comprehensive_audit/models_v4._latest_date.parquet,SUCCESS
models_v4,_v_train_core,VIEW,2136,52,TrainingData/raw/models_v4/_v_train_core.parquet,GPT_Data/comprehensive_audit/models_v4._v_train_core.parquet,SUCCESS
models_v4,alternative_fx_rates,TABLE,2043,3,TrainingData/raw/models_v4/alternative_fx_rates.parquet,GPT_Data/comprehensive_audit/models_v4.alternative_fx_rates.parquet,SUCCESS
models_v4,argentina_port_logistics_daily,TABLE,1347,3,TrainingData/raw/models_v4/argentina_port_logistics_daily.parquet,GPT_Data/comprehensive_audit/models_v4.argentina_port_logistics_daily.parquet,SUCCESS
models_v4,backtesting_history,TABLE,508,6,TrainingData/raw/models_v4/backtesting_history.parquet,GPT_Data/comprehensive_audit/models_v4.backtesting_history.parquet,SUCCESS
models_v4,baseline_1m_comprehensive_2yr,TABLE,482,863,TrainingData/raw/models_v4/baseline_1m_comprehensive_2yr.parquet,GPT_Data/comprehensive_audit/models_v4.baseline_1m_comprehensive_2yr.parquet,SUCCESS
models_v4,baseline_1m_comprehensive_2yr_55_symbols_backup,TABLE,482,863,TrainingData/raw/models_v4/baseline_1m_comprehensive_2yr_55_symbols_backup.parquet,GPT_Data/comprehensive_audit/models_v4.baseline_1m_comprehensive_2yr_55_symbols_backup.parquet,SUCCESS
models_v4,batch_prediction_input,TABLE,1,58,TrainingData/raw/models_v4/batch_prediction_input.parquet,GPT_Data/comprehensive_audit/models_v4.batch_prediction_input.parquet,SUCCESS
models_v4,boost_weights_log,TABLE,172,6,TrainingData/raw/models_v4/boost_weights_log.parquet,GPT_Data/comprehensive_audit/models_v4.boost_weights_log.parquet,SUCCESS
models_v4,cftc_daily_filled,TABLE,2136,10,TrainingData/raw/models_v4/cftc_daily_filled.parquet,GPT_Data/comprehensive_audit/models_v4.cftc_daily_filled.parquet,SUCCESS
models_v4,cpi_yoy_daily,TABLE,0,2,TrainingData/raw/models_v4/cpi_yoy_daily.parquet,GPT_Data/comprehensive_audit/models_v4.cpi_yoy_daily.parquet,SUCCESS
models_v4,crisis_2008_historical,TABLE,253,35,TrainingData/raw/models_v4/crisis_2008_historical.parquet,GPT_Data/comprehensive_audit/models_v4.crisis_2008_historical.parquet,SUCCESS
models_v4,currency_complete,TABLE,6287,5,TrainingData/raw/models_v4/currency_complete.parquet,GPT_Data/comprehensive_audit/models_v4.currency_complete.parquet,SUCCESS
models_v4,economic_indicators_daily_complete,TABLE,11893,5,TrainingData/raw/models_v4/economic_indicators_daily_complete.parquet,GPT_Data/comprehensive_audit/models_v4.economic_indicators_daily_complete.parquet,SUCCESS
models_v4,errors_2025_10_29T13_14_07_060Z_043,TABLE,1,58,TrainingData/raw/models_v4/errors_2025_10_29T13_14_07_060Z_043.parquet,GPT_Data/comprehensive_audit/models_v4.errors_2025_10_29T13_14_07_060Z_043.parquet,SUCCESS
models_v4,eval_holdout_2024,TABLE,482,425,TrainingData/raw/models_v4/eval_holdout_2024.parquet,GPT_Data/comprehensive_audit/models_v4.eval_holdout_2024.parquet,SUCCESS
models_v4,feature_importance_vertex,TABLE,615,6,TrainingData/raw/models_v4/feature_importance_vertex.parquet,GPT_Data/comprehensive_audit/models_v4.feature_importance_vertex.parquet,SUCCESS
models_v4,feature_metadata_catalog,TABLE,444,11,TrainingData/raw/models_v4/feature_metadata_catalog.parquet,GPT_Data/comprehensive_audit/models_v4.feature_metadata_catalog.parquet,SUCCESS
models_v4,forecast_validation_alerts,TABLE,0,13,TrainingData/raw/models_v4/forecast_validation_alerts.parquet,GPT_Data/comprehensive_audit/models_v4.forecast_validation_alerts.parquet,SUCCESS
models_v4,forecast_validation_logs,TABLE,2,14,TrainingData/raw/models_v4/forecast_validation_logs.parquet,GPT_Data/comprehensive_audit/models_v4.forecast_validation_logs.parquet,SUCCESS
models_v4,forward_curve_v3,TABLE,181,4,TrainingData/raw/models_v4/forward_curve_v3.parquet,GPT_Data/comprehensive_audit/models_v4.forward_curve_v3.parquet,SUCCESS
models_v4,fred_economic_complete,TABLE,113,3,TrainingData/raw/models_v4/fred_economic_complete.parquet,GPT_Data/comprehensive_audit/models_v4.fred_economic_complete.parquet,SUCCESS
models_v4,freight_logistics_daily,TABLE,1347,3,TrainingData/raw/models_v4/freight_logistics_daily.parquet,GPT_Data/comprehensive_audit/models_v4.freight_logistics_daily.parquet,SUCCESS
models_v4,full_220_comprehensive_2yr,TABLE,482,1948,TrainingData/raw/models_v4/full_220_comprehensive_2yr.parquet,GPT_Data/comprehensive_audit/models_v4.full_220_comprehensive_2yr.parquet,SUCCESS
models_v4,fundamentals_derived_features,TABLE,16824,6,TrainingData/raw/models_v4/fundamentals_derived_features.parquet,GPT_Data/comprehensive_audit/models_v4.fundamentals_derived_features.parquet,SUCCESS
models_v4,fx_derived_features,TABLE,16824,10,TrainingData/raw/models_v4/fx_derived_features.parquet,GPT_Data/comprehensive_audit/models_v4.fx_derived_features.parquet,SUCCESS
models_v4,gdp_growth_daily,TABLE,0,2,TrainingData/raw/models_v4/gdp_growth_daily.parquet,GPT_Data/comprehensive_audit/models_v4.gdp_growth_daily.parquet,SUCCESS
models_v4,lag_alignment_audit,TABLE,1,7,TrainingData/raw/models_v4/lag_alignment_audit.parquet,GPT_Data/comprehensive_audit/models_v4.lag_alignment_audit.parquet,SUCCESS
models_v4,monetary_derived_features,TABLE,16824,6,TrainingData/raw/models_v4/monetary_derived_features.parquet,GPT_Data/comprehensive_audit/models_v4.monetary_derived_features.parquet,SUCCESS
models_v4,news_intelligence_daily,TABLE,19,10,TrainingData/raw/models_v4/news_intelligence_daily.parquet,GPT_Data/comprehensive_audit/models_v4.news_intelligence_daily.parquet,SUCCESS
models_v4,palm_oil_complete,TABLE,1842,4,TrainingData/raw/models_v4/palm_oil_complete.parquet,GPT_Data/comprehensive_audit/models_v4.palm_oil_complete.parquet,SUCCESS
models_v4,palm_price_daily_complete,TABLE,2045,5,TrainingData/raw/models_v4/palm_price_daily_complete.parquet,GPT_Data/comprehensive_audit/models_v4.palm_price_daily_complete.parquet,SUCCESS
models_v4,pre_crisis_2000_2007_historical,TABLE,1737,35,TrainingData/raw/models_v4/pre_crisis_2000_2007_historical.parquet,GPT_Data/comprehensive_audit/models_v4.pre_crisis_2000_2007_historical.parquet,SUCCESS
models_v4,predict_frame_209,TABLE,1,25,TrainingData/raw/models_v4/predict_frame_209.parquet,GPT_Data/comprehensive_audit/models_v4.predict_frame_209.parquet,SUCCESS
models_v4,predictions_comparison,TABLE,482,7,TrainingData/raw/models_v4/predictions_comparison.parquet,GPT_Data/comprehensive_audit/models_v4.predictions_comparison.parquet,SUCCESS
models_v4,production_training_data_12m,TABLE,1473,301,TrainingData/raw/models_v4/production_training_data_12m.parquet,GPT_Data/comprehensive_audit/models_v4.production_training_data_12m.parquet,SUCCESS
models_v4,production_training_data_1m,TABLE,1404,444,TrainingData/raw/models_v4/production_training_data_1m.parquet,GPT_Data/comprehensive_audit/models_v4.production_training_data_1m.parquet,SUCCESS
models_v4,production_training_data_1m_backup_20251112_165404,TABLE,1404,444,TrainingData/raw/models_v4/production_training_data_1m_backup_20251112_165404.parquet,GPT_Data/comprehensive_audit/models_v4.production_training_data_1m_backup_20251112_165404.parquet,SUCCESS
models_v4,production_training_data_1w,TABLE,1472,300,TrainingData/raw/models_v4/production_training_data_1w.parquet,GPT_Data/comprehensive_audit/models_v4.production_training_data_1w.parquet,SUCCESS
models_v4,production_training_data_1w_backup_20251112_165404,TABLE,1472,300,TrainingData/raw/models_v4/production_training_data_1w_backup_20251112_165404.parquet,GPT_Data/comprehensive_audit/models_v4.production_training_data_1w_backup_20251112_165404.parquet,SUCCESS
models_v4,production_training_data_3m,TABLE,1475,300,TrainingData/raw/models_v4/production_training_data_3m.parquet,GPT_Data/comprehensive_audit/models_v4.production_training_data_3m.parquet,SUCCESS
models_v4,production_training_data_6m,TABLE,1473,300,TrainingData/raw/models_v4/production_training_data_6m.parquet,GPT_Data/comprehensive_audit/models_v4.production_training_data_6m.parquet,SUCCESS
models_v4,recovery_2010_2016_historical,TABLE,1760,35,TrainingData/raw/models_v4/recovery_2010_2016_historical.parquet,GPT_Data/comprehensive_audit/models_v4.recovery_2010_2016_historical.parquet,SUCCESS
models_v4,residual_quantiles,TABLE,4,8,TrainingData/raw/models_v4/residual_quantiles.parquet,GPT_Data/comprehensive_audit/models_v4.residual_quantiles.parquet,SUCCESS
models_v4,rfs_mandates_daily,TABLE,1347,4,TrainingData/raw/models_v4/rfs_mandates_daily.parquet,GPT_Data/comprehensive_audit/models_v4.rfs_mandates_daily.parquet,SUCCESS
models_v4,rich_focused_feature_availability,TABLE,148,6,TrainingData/raw/models_v4/rich_focused_feature_availability.parquet,GPT_Data/comprehensive_audit/models_v4.rich_focused_feature_availability.parquet,SUCCESS
models_v4,rich_focused_feature_importance,TABLE,281,8,TrainingData/raw/models_v4/rich_focused_feature_importance.parquet,GPT_Data/comprehensive_audit/models_v4.rich_focused_feature_importance.parquet,SUCCESS
models_v4,rich_focused_feature_list,TABLE,148,3,TrainingData/raw/models_v4/rich_focused_feature_list.parquet,GPT_Data/comprehensive_audit/models_v4.rich_focused_feature_list.parquet,SUCCESS
models_v4,rich_focused_feature_list_final,TABLE,137,6,TrainingData/raw/models_v4/rich_focused_feature_list_final.parquet,GPT_Data/comprehensive_audit/models_v4.rich_focused_feature_list_final.parquet,SUCCESS
models_v4,rin_prices_daily,TABLE,1347,6,TrainingData/raw/models_v4/rin_prices_daily.parquet,GPT_Data/comprehensive_audit/models_v4.rin_prices_daily.parquet,SUCCESS
models_v4,social_sentiment_daily,TABLE,208,8,TrainingData/raw/models_v4/social_sentiment_daily.parquet,GPT_Data/comprehensive_audit/models_v4.social_sentiment_daily.parquet,SUCCESS
models_v4,trade_war_2017_2019_historical,TABLE,754,35,TrainingData/raw/models_v4/trade_war_2017_2019_historical.parquet,GPT_Data/comprehensive_audit/models_v4.trade_war_2017_2019_historical.parquet,SUCCESS
models_v4,training_data_1m_clean,TABLE,732,62,TrainingData/raw/models_v4/training_data_1m_clean.parquet,GPT_Data/comprehensive_audit/models_v4.training_data_1m_clean.parquet,SUCCESS
models_v4,training_dataset_pre_coverage_fix_backup,TABLE,2045,260,TrainingData/raw/models_v4/training_dataset_pre_coverage_fix_backup.parquet,GPT_Data/comprehensive_audit/models_v4.training_dataset_pre_coverage_fix_backup.parquet,SUCCESS
models_v4,training_dataset_pre_forwardfill_backup,TABLE,2043,290,TrainingData/raw/models_v4/training_dataset_pre_forwardfill_backup.parquet,GPT_Data/comprehensive_audit/models_v4.training_dataset_pre_forwardfill_backup.parquet,SUCCESS
models_v4,training_dataset_pre_integration_backup,TABLE,2136,11,TrainingData/raw/models_v4/training_dataset_pre_integration_backup.parquet,GPT_Data/comprehensive_audit/models_v4.training_dataset_pre_integration_backup.parquet,SUCCESS
models_v4,training_dataset_super_enriched,TABLE,2136,11,TrainingData/raw/models_v4/training_dataset_super_enriched.parquet,GPT_Data/comprehensive_audit/models_v4.training_dataset_super_enriched.parquet,SUCCESS
models_v4,training_dataset_super_enriched_backup,TABLE,2045,260,TrainingData/raw/models_v4/training_dataset_super_enriched_backup.parquet,GPT_Data/comprehensive_audit/models_v4.training_dataset_super_enriched_backup.parquet,SUCCESS
models_v4,training_dataset_v4,VIEW,1263,62,TrainingData/raw/models_v4/training_dataset_v4.parquet,GPT_Data/comprehensive_audit/models_v4.training_dataset_v4.parquet,SUCCESS
models_v4,treasury_10y_yahoo_complete,TABLE,2043,5,TrainingData/raw/models_v4/treasury_10y_yahoo_complete.parquet,GPT_Data/comprehensive_audit/models_v4.treasury_10y_yahoo_complete.parquet,SUCCESS
models_v4,trump_policy_daily,TABLE,53,9,TrainingData/raw/models_v4/trump_policy_daily.parquet,GPT_Data/comprehensive_audit/models_v4.trump_policy_daily.parquet,SUCCESS
models_v4,trump_rich_2023_2025,TABLE,732,58,TrainingData/raw/models_v4/trump_rich_2023_2025.parquet,GPT_Data/comprehensive_audit/models_v4.trump_rich_2023_2025.parquet,SUCCESS
models_v4,us_midwest_weather_complete,TABLE,2133,7,TrainingData/raw/models_v4/us_midwest_weather_complete.parquet,GPT_Data/comprehensive_audit/models_v4.us_midwest_weather_complete.parquet,SUCCESS
models_v4,us_midwest_weather_daily,TABLE,404,7,TrainingData/raw/models_v4/us_midwest_weather_daily.parquet,GPT_Data/comprehensive_audit/models_v4.us_midwest_weather_daily.parquet,SUCCESS
models_v4,usd_cny_daily_complete,TABLE,5021,5,TrainingData/raw/models_v4/usd_cny_daily_complete.parquet,GPT_Data/comprehensive_audit/models_v4.usd_cny_daily_complete.parquet,SUCCESS
models_v4,usda_export_daily,TABLE,12,5,TrainingData/raw/models_v4/usda_export_daily.parquet,GPT_Data/comprehensive_audit/models_v4.usda_export_daily.parquet,SUCCESS
models_v4,vertex_core_features,TABLE,16824,36,TrainingData/raw/models_v4/vertex_core_features.parquet,GPT_Data/comprehensive_audit/models_v4.vertex_core_features.parquet,SUCCESS
models_v4,vertex_master_time_spine,TABLE,16824,13,TrainingData/raw/models_v4/vertex_master_time_spine.parquet,GPT_Data/comprehensive_audit/models_v4.vertex_master_time_spine.parquet,SUCCESS
models_v4,volatility_derived_features,TABLE,16824,5,TrainingData/raw/models_v4/volatility_derived_features.parquet,GPT_Data/comprehensive_audit/models_v4.volatility_derived_features.parquet,SUCCESS
models_v4,vw_arg_crisis_score,VIEW,1404,2,TrainingData/raw/models_v4/vw_arg_crisis_score.parquet,GPT_Data/comprehensive_audit/models_v4.vw_arg_crisis_score.parquet,SUCCESS
models_v4,vw_fx_all,VIEW,6287,9,TrainingData/raw/models_v4/vw_fx_all.parquet,GPT_Data/comprehensive_audit/models_v4.vw_fx_all.parquet,SUCCESS
models_v4,yahoo_finance_weekend_complete,TABLE,14301,5,TrainingData/raw/models_v4/yahoo_finance_weekend_complete.parquet,GPT_Data/comprehensive_audit/models_v4.yahoo_finance_weekend_complete.parquet,SUCCESS
models_v4,yahoo_indicators_wide,VIEW,1523,42,TrainingData/raw/models_v4/yahoo_indicators_wide.parquet,GPT_Data/comprehensive_audit/models_v4.yahoo_indicators_wide.parquet,SUCCESS
neural,vw_big_eight_signals,VIEW,2144,11,TrainingData/raw/neural/vw_big_eight_signals.parquet,GPT_Data/comprehensive_audit/neural.vw_big_eight_signals.parquet,SUCCESS
predictions,daily_forecasts,TABLE,0,10,TrainingData/raw/predictions/daily_forecasts.parquet,GPT_Data/comprehensive_audit/predictions.daily_forecasts.parquet,SUCCESS
predictions,errors_2025_10_29T15_00_41_432Z_235,TABLE,1,58,TrainingData/raw/predictions/errors_2025_10_29T15_00_41_432Z_235.parquet,GPT_Data/comprehensive_audit/predictions.errors_2025_10_29T15_00_41_432Z_235.parquet,SUCCESS
predictions,errors_2025_10_29T15_27_01_724Z_285,TABLE,1,59,TrainingData/raw/predictions/errors_2025_10_29T15_27_01_724Z_285.parquet,GPT_Data/comprehensive_audit/predictions.errors_2025_10_29T15_27_01_724Z_285.parquet,SUCCESS
predictions,monthly_vertex_predictions,TABLE,2,10,TrainingData/raw/predictions/monthly_vertex_predictions.parquet,GPT_Data/comprehensive_audit/predictions.monthly_vertex_predictions.parquet,SUCCESS
predictions_uc1,daily_forecasts,TABLE,0,10,TrainingData/raw/predictions_uc1/daily_forecasts.parquet,GPT_Data/comprehensive_audit/predictions_uc1.daily_forecasts.parquet,SUCCESS
predictions_uc1,model_feature_importance,TABLE,0,7,TrainingData/raw/predictions_uc1/model_feature_importance.parquet,GPT_Data/comprehensive_audit/predictions_uc1.model_feature_importance.parquet,SUCCESS
predictions_uc1,monthly_vertex_predictions,TABLE,1,10,TrainingData/raw/predictions_uc1/monthly_vertex_predictions.parquet,GPT_Data/comprehensive_audit/predictions_uc1.monthly_vertex_predictions.parquet,SUCCESS
predictions_uc1,production_forecasts,TABLE,4,18,TrainingData/raw/predictions_uc1/production_forecasts.parquet,GPT_Data/comprehensive_audit/predictions_uc1.production_forecasts.parquet,SUCCESS
predictions_uc1,vw_feature_importance_latest,VIEW,0,7,TrainingData/raw/predictions_uc1/vw_feature_importance_latest.parquet,GPT_Data/comprehensive_audit/predictions_uc1.vw_feature_importance_latest.parquet,SUCCESS
signals,daily_calculations,TABLE,5,6,TrainingData/raw/signals/daily_calculations.parquet,GPT_Data/comprehensive_audit/signals.daily_calculations.parquet,SUCCESS
signals,vw_bear_market_regime,VIEW,1268,7,TrainingData/raw/signals/vw_bear_market_regime.parquet,GPT_Data/comprehensive_audit/signals.vw_bear_market_regime.parquet,SUCCESS
signals,vw_biofuel_cascade_signal,VIEW,732,6,TrainingData/raw/signals/vw_biofuel_cascade_signal.parquet,GPT_Data/comprehensive_audit/signals.vw_biofuel_cascade_signal.parquet,SUCCESS
signals,vw_biofuel_ethanol_signal,VIEW,403,7,TrainingData/raw/signals/vw_biofuel_ethanol_signal.parquet,GPT_Data/comprehensive_audit/signals.vw_biofuel_ethanol_signal.parquet,SUCCESS
signals,vw_biofuel_policy_intensity,VIEW,1268,6,TrainingData/raw/signals/vw_biofuel_policy_intensity.parquet,GPT_Data/comprehensive_audit/signals.vw_biofuel_policy_intensity.parquet,SUCCESS
signals,vw_biofuel_substitution_aggregates_daily,VIEW,402,8,TrainingData/raw/signals/vw_biofuel_substitution_aggregates_daily.parquet,GPT_Data/comprehensive_audit/signals.vw_biofuel_substitution_aggregates_daily.parquet,SUCCESS
signals,vw_china_import_diversification_monthly,VIEW,2,9,TrainingData/raw/signals/vw_china_import_diversification_monthly.parquet,GPT_Data/comprehensive_audit/signals.vw_china_import_diversification_monthly.parquet,SUCCESS
signals,vw_china_import_diversification_nowcast_daily,VIEW,366,7,TrainingData/raw/signals/vw_china_import_diversification_nowcast_daily.parquet,GPT_Data/comprehensive_audit/signals.vw_china_import_diversification_nowcast_daily.parquet,SUCCESS
signals,vw_china_relations_big8,VIEW,4,7,TrainingData/raw/signals/vw_china_relations_big8.parquet,GPT_Data/comprehensive_audit/signals.vw_china_relations_big8.parquet,SUCCESS
signals,vw_china_relations_signal,VIEW,732,11,TrainingData/raw/signals/vw_china_relations_signal.parquet,GPT_Data/comprehensive_audit/signals.vw_china_relations_signal.parquet,SUCCESS
signals,vw_fundamental_aggregates_comprehensive_daily,VIEW,1035,14,TrainingData/raw/signals/vw_fundamental_aggregates_comprehensive_daily.parquet,GPT_Data/comprehensive_audit/signals.vw_fundamental_aggregates_comprehensive_daily.parquet,SUCCESS
signals,vw_geopolitical_volatility_signal,VIEW,403,7,TrainingData/raw/signals/vw_geopolitical_volatility_signal.parquet,GPT_Data/comprehensive_audit/signals.vw_geopolitical_volatility_signal.parquet,SUCCESS
signals,vw_harvest_pace_big8,VIEW,61,7,TrainingData/raw/signals/vw_harvest_pace_big8.parquet,GPT_Data/comprehensive_audit/signals.vw_harvest_pace_big8.parquet,SUCCESS
signals,vw_harvest_pace_signal,VIEW,1268,7,TrainingData/raw/signals/vw_harvest_pace_signal.parquet,GPT_Data/comprehensive_audit/signals.vw_harvest_pace_signal.parquet,SUCCESS
signals,vw_hidden_correlation_signal,VIEW,1258,6,TrainingData/raw/signals/vw_hidden_correlation_signal.parquet,GPT_Data/comprehensive_audit/signals.vw_hidden_correlation_signal.parquet,SUCCESS
signals,vw_high_priority_social_intelligence,VIEW,49290,14,TrainingData/raw/signals/vw_high_priority_social_intelligence.parquet,GPT_Data/comprehensive_audit/signals.vw_high_priority_social_intelligence.parquet,SUCCESS
signals,vw_master_signal_processor,VIEW,366,17,TrainingData/raw/signals/vw_master_signal_processor.parquet,GPT_Data/comprehensive_audit/signals.vw_master_signal_processor.parquet,SUCCESS
signals,vw_news_sentiment_scores_daily,VIEW,14,4,TrainingData/raw/signals/vw_news_sentiment_scores_daily.parquet,GPT_Data/comprehensive_audit/signals.vw_news_sentiment_scores_daily.parquet,SUCCESS
signals,vw_social_sentiment_aggregates_daily,VIEW,10,14,TrainingData/raw/signals/vw_social_sentiment_aggregates_daily.parquet,GPT_Data/comprehensive_audit/signals.vw_social_sentiment_aggregates_daily.parquet,SUCCESS
signals,vw_substitution_aggregates_comprehensive_daily,VIEW,58,7,TrainingData/raw/signals/vw_substitution_aggregates_comprehensive_daily.parquet,GPT_Data/comprehensive_audit/signals.vw_substitution_aggregates_comprehensive_daily.parquet,SUCCESS
signals,vw_supply_glut_indicator,VIEW,1268,7,TrainingData/raw/signals/vw_supply_glut_indicator.parquet,GPT_Data/comprehensive_audit/signals.vw_supply_glut_indicator.parquet,SUCCESS
signals,vw_tariff_threat_big8,VIEW,7,7,TrainingData/raw/signals/vw_tariff_threat_big8.parquet,GPT_Data/comprehensive_audit/signals.vw_tariff_threat_big8.parquet,SUCCESS
signals,vw_tariff_threat_signal,VIEW,732,8,TrainingData/raw/signals/vw_tariff_threat_signal.parquet,GPT_Data/comprehensive_audit/signals.vw_tariff_threat_signal.parquet,SUCCESS
signals,vw_technical_aggregates_comprehensive_daily,VIEW,115,11,TrainingData/raw/signals/vw_technical_aggregates_comprehensive_daily.parquet,GPT_Data/comprehensive_audit/signals.vw_technical_aggregates_comprehensive_daily.parquet,SUCCESS
signals,vw_trade_war_impact,VIEW,1268,7,TrainingData/raw/signals/vw_trade_war_impact.parquet,GPT_Data/comprehensive_audit/signals.vw_trade_war_impact.parquet,SUCCESS
signals,vw_vix_stress_big8,VIEW,6,6,TrainingData/raw/signals/vw_vix_stress_big8.parquet,GPT_Data/comprehensive_audit/signals.vw_vix_stress_big8.parquet,SUCCESS
signals,vw_vix_stress_daily,VIEW,6271,5,TrainingData/raw/signals/vw_vix_stress_daily.parquet,GPT_Data/comprehensive_audit/signals.vw_vix_stress_daily.parquet,SUCCESS
signals,vw_vix_stress_signal,VIEW,6271,8,TrainingData/raw/signals/vw_vix_stress_signal.parquet,GPT_Data/comprehensive_audit/signals.vw_vix_stress_signal.parquet,SUCCESS
signals,vw_weather_aggregates_daily,VIEW,1004,14,TrainingData/raw/signals/vw_weather_aggregates_daily.parquet,GPT_Data/comprehensive_audit/signals.vw_weather_aggregates_daily.parquet,SUCCESS
signals,vw_weather_aggregates_daily_nowcast,VIEW,541,16,TrainingData/raw/signals/vw_weather_aggregates_daily_nowcast.parquet,GPT_Data/comprehensive_audit/signals.vw_weather_aggregates_daily_nowcast.parquet,SUCCESS
signals,vw_weather_availability_daily,VIEW,10,15,TrainingData/raw/signals/vw_weather_availability_daily.parquet,GPT_Data/comprehensive_audit/signals.vw_weather_availability_daily.parquet,SUCCESS
staging,biofuel_policy,TABLE,30,10,TrainingData/raw/staging/biofuel_policy.parquet,GPT_Data/comprehensive_audit/staging.biofuel_policy.parquet,SUCCESS
staging,biofuel_production,TABLE,24,8,TrainingData/raw/staging/biofuel_production.parquet,GPT_Data/comprehensive_audit/staging.biofuel_production.parquet,SUCCESS
staging,cftc_cot,TABLE,78,14,TrainingData/raw/staging/cftc_cot.parquet,GPT_Data/comprehensive_audit/staging.cftc_cot.parquet,SUCCESS
staging,comprehensive_social_intelligence,TABLE,65269,22,TrainingData/raw/staging/comprehensive_social_intelligence.parquet,GPT_Data/comprehensive_audit/staging.comprehensive_social_intelligence.parquet,SUCCESS
staging,ice_enforcement_intelligence,TABLE,4,11,TrainingData/raw/staging/ice_enforcement_intelligence.parquet,GPT_Data/comprehensive_audit/staging.ice_enforcement_intelligence.parquet,SUCCESS
staging,market_prices,TABLE,0,12,TrainingData/raw/staging/market_prices.parquet,GPT_Data/comprehensive_audit/staging.market_prices.parquet,SUCCESS
staging,trade_policy_events,TABLE,0,12,TrainingData/raw/staging/trade_policy_events.parquet,GPT_Data/comprehensive_audit/staging.trade_policy_events.parquet,SUCCESS
staging,trump_policy_intelligence,TABLE,215,11,TrainingData/raw/staging/trump_policy_intelligence.parquet,GPT_Data/comprehensive_audit/staging.trump_policy_intelligence.parquet,SUCCESS
staging,usda_export_sales,TABLE,12,10,TrainingData/raw/staging/usda_export_sales.parquet,GPT_Data/comprehensive_audit/staging.usda_export_sales.parquet,SUCCESS
staging,usda_harvest_progress,TABLE,2730,7,TrainingData/raw/staging/usda_harvest_progress.parquet,GPT_Data/comprehensive_audit/staging.usda_harvest_progress.parquet,SUCCESS
staging,weather_data_midwest_openmeteo,TABLE,495,10,TrainingData/raw/staging/weather_data_midwest_openmeteo.parquet,GPT_Data/comprehensive_audit/staging.weather_data_midwest_openmeteo.parquet,SUCCESS
weather,daily_updates,TABLE,3,8,TrainingData/raw/weather/daily_updates.parquet,GPT_Data/comprehensive_audit/weather.daily_updates.parquet,SUCCESS
yahoo_finance_comprehensive,all_symbols_20yr,TABLE,57397,40,TrainingData/raw/yahoo_finance_comprehensive/all_symbols_20yr.parquet,GPT_Data/comprehensive_audit/yahoo_finance_comprehensive.all_symbols_20yr.parquet,SUCCESS
yahoo_finance_comprehensive,biofuel_components_canonical,TABLE,6475,19,TrainingData/raw/yahoo_finance_comprehensive/biofuel_components_canonical.parquet,GPT_Data/comprehensive_audit/yahoo_finance_comprehensive.biofuel_components_canonical.parquet,SUCCESS
yahoo_finance_comprehensive,biofuel_components_raw,TABLE,42367,14,TrainingData/raw/yahoo_finance_comprehensive/biofuel_components_raw.parquet,GPT_Data/comprehensive_audit/yahoo_finance_comprehensive.biofuel_components_raw.parquet,SUCCESS
yahoo_finance_comprehensive,explosive_technicals,TABLE,28101,29,TrainingData/raw/yahoo_finance_comprehensive/explosive_technicals.parquet,GPT_Data/comprehensive_audit/yahoo_finance_comprehensive.explosive_technicals.parquet,SUCCESS
yahoo_finance_comprehensive,rin_proxy_features,TABLE,12637,17,TrainingData/raw/yahoo_finance_comprehensive/rin_proxy_features.parquet,GPT_Data/comprehensive_audit/yahoo_finance_comprehensive.rin_proxy_features.parquet,SUCCESS
yahoo_finance_comprehensive,rin_proxy_features_dedup,TABLE,6348,10,TrainingData/raw/yahoo_finance_comprehensive/rin_proxy_features_dedup.parquet,GPT_Data/comprehensive_audit/yahoo_finance_comprehensive.rin_proxy_features_dedup.parquet,SUCCESS
yahoo_finance_comprehensive,rin_proxy_features_final,TABLE,6475,14,TrainingData/raw/yahoo_finance_comprehensive/rin_proxy_features_final.parquet,GPT_Data/comprehensive_audit/yahoo_finance_comprehensive.rin_proxy_features_final.parquet,SUCCESS
yahoo_finance_comprehensive,rin_proxy_features_fixed,TABLE,12637,17,TrainingData/raw/yahoo_finance_comprehensive/rin_proxy_features_fixed.parquet,GPT_Data/comprehensive_audit/yahoo_finance_comprehensive.rin_proxy_features_fixed.parquet,SUCCESS
yahoo_finance_comprehensive,yahoo_finance_complete_enterprise,TABLE,314381,51,TrainingData/raw/yahoo_finance_comprehensive/yahoo_finance_complete_enterprise.parquet,GPT_Data/comprehensive_audit/yahoo_finance_comprehensive.yahoo_finance_complete_enterprise.parquet,SUCCESS
yahoo_finance_comprehensive,yahoo_normalized,TABLE,314381,35,TrainingData/raw/yahoo_finance_comprehensive/yahoo_normalized.parquet,GPT_Data/comprehensive_audit/yahoo_finance_comprehensive.yahoo_normalized.parquet,SUCCESS
